id,label,model_label,confidence,prob_real,prob_fake
real_images/891112_1967-07-22_2011_face1.jpg,0,0,0.5329,0.5329,0.4671
real_images/4da7b350a4004efeaa408094b6beae63.jpg,0,0,0.8593,0.8593,0.1407
real_images/04e18ad9b6f4446fadf40ddd909cd1e7.jpg,0,0,0.5429,0.5429,0.4571
real_images/2230512_1949-09-22_2007_face1.jpg,0,0,0.9149,0.9149,0.0851
real_images/12788312_1990-05-25_2011_face1.jpg,0,0,0.9124,0.9124,0.0876
real_images/4fa7762199764ed1be67857ee39cb0a9.jpg,0,1,0.7375,0.2625,0.7375
real_images/3ff77556b0154c7698445db30f943484.jpg,0,0,0.9866,0.9866,0.0134
real_images/4cde43056d3a4045b68f3cd2b300ea6a.jpg,0,1,0.6722,0.3278,0.6722
real_images/4dab648266f34728b7dd34389903bdc9.jpg,0,0,0.6142,0.6142,0.3858
real_images/12271112_1966-06-30_2013_face1.jpg,0,0,0.9739,0.9739,0.0261
real_images/6aa845342d8f4dcd9d09fecb3b1987cf.jpg,0,0,0.6829,0.6829,0.3171
real_images/4c89dc08806b452d911e8ee58c501b3a.jpg,0,0,0.7171,0.7171,0.2829
real_images/5f88f3c14e9a4105ba2442f09010fbbc.jpg,0,0,0.9222,0.9222,0.0778
real_images/6a227e7c795a4be985339c0e39ba7410.jpg,0,0,0.9742,0.9742,0.0258
real_images/6b6f729fc2454ccf9ea91546eabef997.jpg,0,0,0.925,0.925,0.075
real_images/17515512_1978-03-06_2008_face1.jpg,0,0,0.9684,0.9684,0.0316
real_images/06d768338cd24519b1f55b9eed35a3be.jpg,0,0,0.834,0.834,0.166
real_images/5eb8185eab4c4fb0957374f423f447c8.jpg,0,0,0.6726,0.6726,0.3274
real_images/9017212_1987-02-14_2014_face1.jpg,0,0,0.9568,0.9568,0.0432
real_images/4c781c7e3600446f8a7c2583966de2ce.jpg,0,0,0.8387,0.8387,0.1613
real_images/03fe15d874e5418d9a73ffddeb7164bf.jpg,0,0,0.9698,0.9698,0.0302
real_images/3729912_1983-04-01_2013_face1.jpg,0,0,0.9733,0.9733,0.0267
real_images/5ce5866a258049eca154b13e63a58e38.jpg,0,0,0.7585,0.7585,0.2415
real_images/5a963d19f77043ca95b0dcf77f801050.jpg,0,0,0.9067,0.9067,0.0933
real_images/5dc44c251023450da5fac32699207355.jpg,0,0,0.6502,0.6502,0.3498
real_images/6aef8d01c98c46dfa50c88588927eb32.jpg,0,0,0.6884,0.6884,0.3116
real_images/5f3e989a16de4513be3c54e53238957e.jpg,0,0,0.8778,0.8778,0.1222
real_images/6b5d0d40a5b54923956408cff9383ffb.jpg,0,0,0.989,0.989,0.011
real_images/20312_1941-01-05_2008_face1.jpg,0,0,0.9017,0.9017,0.0983
real_images/7896912_1981-08-28_2011_face1.jpg,0,1,0.723,0.277,0.723
real_images/871512_1926-04-03_1967_face1.jpg,0,0,0.9897,0.9897,0.0103
real_images/833512_1961-01-01_2011_face1.jpg,0,0,0.9459,0.9459,0.0541
real_images/4634812_1965-10-02_2004_face1.jpg,0,0,0.8735,0.8735,0.1265
real_images/4603012_1985-04-18_2011_face1.jpg,0,0,0.9801,0.9801,0.0199
real_images/9427912_1969-10-23_2006_face1.jpg,0,0,0.9427,0.9427,0.0573
real_images/5ed62f78470f48c28b9ab788686d119e.jpg,0,0,0.7987,0.7987,0.2013
real_images/4ef7d8965fff485583aa88e6a142e626.jpg,0,1,0.9522,0.0478,0.9522
real_images/5df47a35bb594001b835976f220540c1.jpg,0,0,0.8413,0.8413,0.1587
real_images/3e969488b313474281e03b9d06a1bc7e.jpg,0,0,0.8268,0.8268,0.1732
real_images/6d1cbc532da34cccb4c7bb3ff807f5a6.jpg,0,0,0.7323,0.7323,0.2677
real_images/14975812_1990-01-05_2010_face1.jpg,0,0,0.9851,0.9851,0.0149
real_images/15767612_1961-02-08_2009_face1.jpg,0,0,0.8703,0.8703,0.1297
real_images/2866712_1978-12-04_2007_face1.jpg,0,0,0.8277,0.8277,0.1723
real_images/5ace08caa82841f9b96bc78a3daf74a9.jpg,0,1,0.512,0.488,0.512
real_images/6d78ab40e31e4a72a65be1e1e26f2153.jpg,0,1,0.7973,0.2027,0.7973
real_images/2234712_1937-09-07_1967_face1.jpg,0,0,0.6715,0.6715,0.3285
real_images/548212_1980-01-19_2012_face1.jpg,0,0,0.6957,0.6957,0.3043
real_images/1399112_1957-05-22_2012_face1.jpg,0,0,0.9693,0.9693,0.0307
real_images/6b14423fc93b42f5ae9883aaf8a67be5.jpg,0,0,0.977,0.977,0.023
real_images/4abca1479b6c44a598de794f70640a0a.jpg,0,0,0.6602,0.6602,0.3398
real_images/5bdc04c843a24eca9d8138b998c6f067.jpg,0,0,0.8997,0.8997,0.1003
real_images/19771112_1988-01-01_2014_face1.jpg,0,0,0.9011,0.9011,0.0989
real_images/3189812_1970-04-22_2006_face1.jpg,0,0,0.9799,0.9799,0.0201
real_images/665012_1946-06-18_2014_face1.jpg,0,0,0.986,0.986,0.014
real_images/1545012_1969-08-15_2009_face1.jpg,0,0,0.9672,0.9672,0.0328
real_images/5f9d45f7953f49239e77a90dc8b37155.jpg,0,0,0.729,0.729,0.271
real_images/5ed0aab585924d8885ae9f35b5c94f35.jpg,0,0,0.524,0.524,0.476
real_images/11985612_1967-02-20_2013_face1.jpg,0,0,0.9581,0.9581,0.0419
real_images/5a6c39ee94314e19ae9114e39dae2df9.jpg,0,0,0.8879,0.8879,0.1121
real_images/14264612_1955-07-06_2007_face1.jpg,0,0,0.9197,0.9197,0.0803
real_images/5e51ee909b0a469d9edb4f6347b9f3c9.jpg,0,0,0.9913,0.9913,0.0087
real_images/4ef5cf2b9f15461399b97060a1f39573.jpg,0,1,0.6553,0.3447,0.6553
real_images/4b58bf3080aa4401b48b264fd80a1a7e.jpg,0,0,0.7997,0.7997,0.2003
real_images/4e04d5d408ba440aa75731175da8c5f1.jpg,0,0,0.7254,0.7254,0.2746
real_images/3fa97b5e75dd403d9c9d2d852a6bc142.jpg,0,0,0.9458,0.9458,0.0542
real_images/05b556750d0845de897a720f6b611e04.jpg,0,0,0.9556,0.9556,0.0444
real_images/12553912_1942-02-20_2003_face1.jpg,0,0,0.9473,0.9473,0.0527
real_images/1205912_1962-02-09_2014_face1.jpg,0,0,0.9355,0.9355,0.0645
real_images/5d550aa7310843c3b381ea9f77696627.jpg,0,1,0.6049,0.3951,0.6049
real_images/20972712_1984-08-09_2011_face1.jpg,0,0,0.9576,0.9576,0.0424
real_images/445412_1914-09-12_2003_face1.jpg,0,0,0.987,0.987,0.013
real_images/5035612_1962-03-17_2011_face1.jpg,0,0,0.9803,0.9803,0.0197
real_images/560012_1954-12-31_2009_face1.jpg,0,0,0.9793,0.9793,0.0207
real_images/5d28d2fde9954ced86aa50f44ac65d6b.jpg,0,0,0.9728,0.9728,0.0272
real_images/5a74b4c7440045c69682ee8ff0ff4157.jpg,0,0,0.8399,0.8399,0.1601
real_images/2445312_1976-03-13_2007_face1.jpg,0,0,0.9861,0.9861,0.0139
real_images/1962112_1968-01-12_2007_face1.jpg,0,0,0.8303,0.8303,0.1697
real_images/4f3be3f585d4468fa0cd8f0696c43b31.jpg,0,0,0.8987,0.8987,0.1013
real_images/3df6726c68af4eaa8260a82f236b116d.jpg,0,0,0.7748,0.7748,0.2252
real_images/4425312_1979-09-17_2009_face1.jpg,0,0,0.9632,0.9632,0.0368
real_images/74712_1953-03-08_2009_face1.jpg,0,0,0.9748,0.9748,0.0252
real_images/3647112_1973-09-04_2009_face1.jpg,0,0,0.99,0.99,0.01
real_images/1030012_1976-08-23_2000_face1.jpg,0,0,0.926,0.926,0.074
real_images/5b056a650cba443397e9cb86a8312511.jpg,0,0,0.9504,0.9504,0.0496
real_images/5159412_1957-08-17_2009_face1.jpg,0,0,0.9651,0.9651,0.0349
real_images/2858812_1926-03-27_1984_face1.jpg,0,0,0.9413,0.9413,0.0587
real_images/4839312_1982-10-16_2009_face1.jpg,0,0,0.9916,0.9916,0.0084
real_images/1875312_1979-04-09_2010_face1.jpg,0,0,0.9175,0.9175,0.0825
real_images/3156912_1982-07-09_2010_face1.jpg,0,0,0.6339,0.6339,0.3661
real_images/2921412_1953-12-28_2015_face1.jpg,0,0,0.9632,0.9632,0.0368
real_images/6bbfd39462cb4190a8300f2f8aab8a58.jpg,0,0,0.9306,0.9306,0.0694
real_images/3fe56ef9401f42ce8abcc16aabe0fe52.jpg,0,0,0.9126,0.9126,0.0874
real_images/3fb1b345e27e4a6a8786e4fc5fe68b93.jpg,0,0,0.9366,0.9366,0.0634
real_images/1699112_1973-10-02_2011_face1.jpg,0,0,0.9523,0.9523,0.0477
real_images/6041812_1916-07-23_1946_face1.jpg,0,0,0.8944,0.8944,0.1056
real_images/4e95e4313dab421c94ad873070854f64.jpg,0,0,0.6257,0.6257,0.3743
real_images/19363012_1935-12-22_2014_face1.jpg,0,0,0.9281,0.9281,0.0719
real_images/5a83bc56592441959fb809db46fb0d5f.jpg,0,1,0.9753,0.0247,0.9753
real_images/2551012_1979-09-11_2009_face1.jpg,0,0,0.9656,0.9656,0.0344
real_images/4fe1fb432c394526b2377fd4a7ebb93c.jpg,0,0,0.9632,0.9632,0.0368
real_images/2479612_1982-03-13_1993_face1.jpg,0,0,0.9309,0.9309,0.0691
real_images/5cfbb329363a44c29e98976eab9bc78e.jpg,0,1,0.6789,0.3211,0.6789
real_images/4f219a63ea394c298169588212f8426f.jpg,0,0,0.6154,0.6154,0.3846
real_images/1833012_1951-10-31_2007_face1.jpg,0,0,0.9807,0.9807,0.0193
real_images/11714712_1959-02-08_2007_face1.jpg,0,0,0.9883,0.9883,0.0117
real_images/4ae6c485ee0c4665a4f4f0feb561da9d.jpg,0,0,0.9717,0.9717,0.0283
real_images/5c016e5f8a9d4343917c82e71f8a0e44.jpg,0,0,0.9713,0.9713,0.0287
real_images/5bb8aba8604047058e09a8752c0a4493.jpg,0,0,0.896,0.896,0.104
real_images/1655812_1975-07-23_2010_face1.jpg,0,0,0.936,0.936,0.064
real_images/4a6e47bb69364da49a91e9a16628ce65.jpg,0,0,0.7706,0.7706,0.2294
real_images/7403012_1964-06-30_2008_face1.jpg,0,0,0.9861,0.9861,0.0139
real_images/5196012_1978-05-01_2012_face1.jpg,0,0,0.8906,0.8906,0.1094
real_images/2772312_1974-04-12_2007_face1.jpg,0,0,0.8314,0.8314,0.1686
real_images/297412_1927-01-25_1994_face1.jpg,0,0,0.8805,0.8805,0.1195
real_images/517212_1961-02-13_2006_face1.jpg,0,0,0.9543,0.9543,0.0457
real_images/18985212_1988-03-08_2012_face1.jpg,0,0,0.9616,0.9616,0.0384
real_images/6b691d41f76e4ac48f4f374b5cbafa24.jpg,0,1,0.5804,0.4196,0.5804
real_images/18139512_1975-01-26_2005_face1.jpg,0,0,0.9855,0.9855,0.0145
real_images/4e2be31c5d0245c39efb2f29bb4eff6e.jpg,0,0,0.9106,0.9106,0.0894
real_images/5e11c0197caa4503880300563a924574.jpg,0,0,0.9738,0.9738,0.0262
real_images/6dc59d656e4143c89b9c203e8dc5f255.jpg,0,0,0.9845,0.9845,0.0155
real_images/6da96781e16f4c8ebaa1ecf270c954a9.jpg,0,0,0.736,0.736,0.264
real_images/1641712_1967-06-21_2014_face1.jpg,0,0,0.943,0.943,0.057
real_images/4cba57bbd44146ae958754f91d9a4c6e.jpg,0,0,0.8967,0.8967,0.1033
real_images/6dbf5831978a4244aae250c0e115c88a.jpg,0,1,0.7011,0.2989,0.7011
real_images/1234112_1968-08-22_2008_face1.jpg,0,0,0.921,0.921,0.079
real_images/17012_1912-01-01_1990_face1.jpg,0,0,0.9806,0.9806,0.0194
real_images/8084912_1982-06-12_2009_face1.jpg,0,0,0.9475,0.9475,0.0525
real_images/4d4b1c9235214290804cf44dec7dbc2a.jpg,0,0,0.9587,0.9587,0.0413
real_images/5c49c42f2e5742a79d719f8846008bf6.jpg,0,1,0.9447,0.0553,0.9447
real_images/5d3f5eb28385496da1020579c4be7dd1.jpg,0,0,0.5873,0.5873,0.4127
real_images/5115712_1987-07-26_2008_face1.jpg,0,0,0.9877,0.9877,0.0123
real_images/2772312_1974-04-12_2007_face2.jpg,0,0,0.9561,0.9561,0.0439
real_images/21084412_1961-09-04_2012_face1.jpg,0,0,0.8488,0.8488,0.1512
real_images/14851312_1947-03-05_2011_face1.jpg,0,0,0.5687,0.5687,0.4313
real_images/21789412_1985-04-14_2008_face1.jpg,0,0,0.9525,0.9525,0.0475
real_images/3439312_1987-01-14_2011_face1.jpg,0,0,0.9028,0.9028,0.0972
real_images/2508912_1960-09-24_2011_face1.jpg,0,0,0.8206,0.8206,0.1794
real_images/1452912_1965-08-29_2004_face1.jpg,0,0,0.9849,0.9849,0.0151
real_images/375212_1949-05-18_2012_face1.jpg,0,0,0.7162,0.7162,0.2838
real_images/5fa0b66a3866439eb424f19662b2c66a.jpg,0,0,0.9862,0.9862,0.0138
real_images/9746812_1984-03-31_2014_face1.jpg,0,0,0.6854,0.6854,0.3146
real_images/5c9038c905ce49ebb7b87de94ae891ae.jpg,0,0,0.8576,0.8576,0.1424
real_images/13386012_1986-09-02_2013_face1.jpg,0,1,0.5303,0.4697,0.5303
real_images/6d79839cc60c4480aa651d6c4c3d2f57.jpg,0,1,0.8196,0.1804,0.8196
real_images/1278412_1982-04-16_2010_face1.jpg,0,1,0.5402,0.4598,0.5402
real_images/7897012_1925-03-04_2008_face1.jpg,0,0,0.9345,0.9345,0.0655
real_images/3f2c1f550f12472199a28705d81bbe80.jpg,0,0,0.8344,0.8344,0.1656
real_images/254812_1946-03-22_2004_face1.jpg,0,0,0.9202,0.9202,0.0798
real_images/4d4575833154490196a0a6f0a487d930.jpg,0,0,0.8927,0.8927,0.1073
real_images/4574812_1944-12-17_2008_face1.jpg,0,0,0.9404,0.9404,0.0596
real_images/83312_1951-10-02_2007_face1.jpg,0,0,0.9856,0.9856,0.0144
real_images/4edcd3bea3754d43a9f3a2c42a1b7c32.jpg,0,0,0.5481,0.5481,0.4519
real_images/5fa3db1659c14658b5502ab0803adce7.jpg,0,0,0.8363,0.8363,0.1637
real_images/2142112_1959-03-13_2008_face1.jpg,0,0,0.9506,0.9506,0.0494
real_images/11102812_1967-11-24_2010_face1.jpg,0,0,0.9353,0.9353,0.0647
real_images/709712_1972-01-15_2008_face1.jpg,0,0,0.9436,0.9436,0.0564
real_images/19880112_1949-10-07_2009_face1.jpg,0,1,0.6349,0.3651,0.6349
real_images/8880012_1934-06-28_2011_face1.jpg,0,0,0.9473,0.9473,0.0527
real_images/4f1ea606573643f69299ad00f925530a.jpg,0,0,0.9312,0.9312,0.0688
real_images/6bde8a440a4e4e4fabeb4e34865565f7.jpg,0,1,0.6415,0.3585,0.6415
real_images/1417612_1981-10-31_2013_face1.jpg,0,0,0.7867,0.7867,0.2133
real_images/3201212_1982-04-17_2013_face1.jpg,0,0,0.6838,0.6838,0.3162
real_images/03ea3663fbcd47a08232f06bbc4608a3.jpg,0,0,0.9595,0.9595,0.0405
real_images/3fd61dd18b0b463b9381ac381585d2f3.jpg,0,0,0.7905,0.7905,0.2095
real_images/15917712_1937-03-23_1995_face1.jpg,0,0,0.9412,0.9412,0.0588
real_images/5c484fb3794d413e94c766827fd845fa.jpg,0,0,0.8408,0.8408,0.1592
real_images/4e64bb448af34a9ebd2f22f6b5c318a8.jpg,0,1,0.5616,0.4384,0.5616
real_images/04afe8c2853d4a3ebcbe0d79139e8463.jpg,0,0,0.9696,0.9696,0.0304
real_images/4ec474908baf4acd97d6ccb2640e354b.jpg,0,1,0.6628,0.3372,0.6628
real_images/5bf78971d452464fad72e6819d59b523.jpg,0,0,0.7432,0.7432,0.2568
real_images/1474512_1977-07-28_2006_face1.jpg,0,0,0.958,0.958,0.042
real_images/4a62e6d3b6e748daa2f542408913d830.jpg,0,0,0.5334,0.5334,0.4666
real_images/2835312_1972-11-23_2015_face1.jpg,0,0,0.983,0.983,0.017
real_images/4dfbbcdf364e48e89a7aef91d39d33ef.jpg,0,0,0.5063,0.5063,0.4937
real_images/372312_1946-01-26_1989_face1.jpg,0,0,0.8352,0.8352,0.1648
real_images/17421612_1974-09-14_2000_face1.jpg,0,1,0.7007,0.2993,0.7007
real_images/4da0e697ae514c589dd559f5acb09d2a.jpg,0,0,0.9756,0.9756,0.0244
real_images/4dbc5c20e99d4698af7e0f5444fd1889.jpg,0,0,0.914,0.914,0.086
real_images/18189012_1989-09-28_2011_face1.jpg,0,0,0.9787,0.9787,0.0213
real_images/98912_1802-12-15_2012_face1.jpg,0,0,0.9364,0.9364,0.0636
real_images/1462512_1972-02-01_2008_face1.jpg,0,0,0.9566,0.9566,0.0434
real_images/3ee31b8a0892417fab90bfc1643f8552.jpg,0,0,0.979,0.979,0.021
real_images/5ac57ad7d68f4c1d8d3295dbbaa37450.jpg,0,0,0.7021,0.7021,0.2979
real_images/4ed6d54305c54036bdb6573cb82b0b93.jpg,0,1,0.5478,0.4522,0.5478
real_images/233512_1972-07-07_2010_face1.jpg,0,0,0.8569,0.8569,0.1431
real_images/13990412_1987-11-18_2013_face1.jpg,0,0,0.9316,0.9316,0.0684
real_images/04b798e7a7744bc0836cc2d031116d39.jpg,0,0,0.9422,0.9422,0.0578
real_images/9294112_1987-02-09_2011_face1.jpg,0,0,0.9548,0.9548,0.0452
real_images/5c8ffff617964c4bb75b1d2e6087e046.jpg,0,0,0.9322,0.9322,0.0678
real_images/4ed20995738e41819a7980d47cbb1b6b.jpg,0,0,0.9149,0.9149,0.0851
real_images/499512_1941-06-02_2007_face1.jpg,0,0,0.9642,0.9642,0.0358
real_images/40212_1949-06-14_2005_face1.jpg,0,0,0.9455,0.9455,0.0545
real_images/20926212_1960-09-12_2015_face1.jpg,0,0,0.9819,0.9819,0.0181
real_images/10688912_1988-03-30_2011_face1.jpg,0,1,0.721,0.279,0.721
real_images/5a3aead4c6bf4441abe09dc0c38cefe1.jpg,0,1,0.5379,0.4621,0.5379
real_images/04ace5cfc5894fd497dcc6a9492fae9b.jpg,0,0,0.8298,0.8298,0.1702
real_images/5a1e635f804547e48d9dced5538a7df5.jpg,0,1,0.5729,0.4271,0.5729
real_images/8787012_1987-08-24_2011_face1.jpg,0,0,0.7726,0.7726,0.2274
real_images/1836812_1976-11-06_2013_face1.jpg,0,0,0.7807,0.7807,0.2193
real_images/5974112_1971-01-10_2012_face1.jpg,0,0,0.9742,0.9742,0.0258
real_images/761212_1936-05-15_2006_face1.jpg,0,0,0.9258,0.9258,0.0742
real_images/266012_1956-06-25_2013_face1.jpg,0,0,0.9809,0.9809,0.0191
real_images/5dd707cf8c694e1fbfaf398fa9040ada.jpg,0,0,0.8771,0.8771,0.1229
real_images/225812_1950-01-25_2009_face1.jpg,0,0,0.8464,0.8464,0.1536
real_images/6711612_1980-06-26_2012_face1.jpg,0,0,0.8509,0.8509,0.1491
real_images/4d0ab36d6e064fbd897ffc981cbf28a7.jpg,0,0,0.7056,0.7056,0.2944
real_images/549612_1966-05-28_2012_face1.jpg,0,0,0.9717,0.9717,0.0283
real_images/1277712_1970-12-09_2005_face1.jpg,0,0,0.8668,0.8668,0.1332
real_images/319512_1969-08-26_2009_face1.jpg,0,0,0.8832,0.8832,0.1168
real_images/4c1ee899641c428a96fe26c10ebe11d0.jpg,0,1,0.5913,0.4087,0.5913
real_images/709012_1976-06-04_2008_face1.jpg,0,0,0.5267,0.5267,0.4733
real_images/1687912_1941-12-03_1993_face1.jpg,0,0,0.9227,0.9227,0.0773
real_images/14926412_1984-10-31_2009_face1.jpg,0,0,0.8338,0.8338,0.1662
real_images/5c221bd3fe5243f7b2c36040b4686e3c.jpg,0,0,0.9095,0.9095,0.0905
real_images/18861012_1985-09-26_2012_face1.jpg,0,0,0.8697,0.8697,0.1303
real_images/4bfa5b0dc2c1401dbc37683182bb11b0.jpg,0,1,0.5612,0.4388,0.5612
real_images/45812_1948-02-19_2002_face1.jpg,0,0,0.8893,0.8893,0.1107
real_images/4da39594a2704a70a645278d420629ef.jpg,0,0,0.8668,0.8668,0.1332
real_images/4e548c16e1b34db7b896889769c1ca1e.jpg,0,0,0.7529,0.7529,0.2471
real_images/504012_1966-10-17_2013_face1.jpg,0,0,0.7156,0.7156,0.2844
real_images/2449412_1976-03-06_2010_face1.jpg,0,0,0.9009,0.9009,0.0991
real_images/4e1c1ad1cb144937ad41002939f3d30a.jpg,0,0,0.8834,0.8834,0.1166
real_images/10478412_1987-01-09_2012_face1.jpg,0,0,0.9586,0.9586,0.0414
real_images/18814912_1985-08-26_2010_face1.jpg,0,0,0.9593,0.9593,0.0407
real_images/04bdd73291b34163a18f7513c05ed611.jpg,0,0,0.9242,0.9242,0.0758
real_images/5558212_1934-09-24_1963_face1.jpg,0,0,0.9663,0.9663,0.0337
real_images/5d6d82ab94e54935b756cdb85960a5ab.jpg,0,0,0.9474,0.9474,0.0526
real_images/235312_1951-07-08_2014_face1.jpg,0,0,0.9554,0.9554,0.0446
real_images/3e74f0546c5d4b7797aca68370e6ccf0.jpg,0,1,0.8712,0.1288,0.8712
real_images/2542912_1978-12-20_2015_face1.jpg,0,0,0.5565,0.5565,0.4435
real_images/19315212_1985-06-03_2009_face1.jpg,0,0,0.8604,0.8604,0.1396
real_images/3f2657feeb574769968cc489eac78446.jpg,0,0,0.9421,0.9421,0.0579
real_images/442612_1967-04-01_2004_face1.jpg,0,0,0.9401,0.9401,0.0599
real_images/1671212_1968-05-08_1995_face1.jpg,0,0,0.9567,0.9567,0.0433
real_images/5affffa014d4486a87d877ccf12a2086.jpg,0,0,0.6276,0.6276,0.3724
real_images/4c9810f743004d44afe987cf7166a876.jpg,0,0,0.9558,0.9558,0.0442
real_images/6d70d907223243e3ab980851f40dd875.jpg,0,0,0.6187,0.6187,0.3813
real_images/3812712_1950-04-18_2010_face1.jpg,0,0,0.917,0.917,0.083
real_images/173712_1938-04-27_1972_face1.jpg,0,0,0.9191,0.9191,0.0809
real_images/5565412_1970-07-08_2008_face1.jpg,0,0,0.9256,0.9256,0.0744
real_images/5d08798703684e2e9529cf1da2e34f43.jpg,0,0,0.7835,0.7835,0.2165
real_images/5fee527cd2a64454beaae4eaac5ccbbd.jpg,0,1,0.5272,0.4728,0.5272
real_images/1940012_1986-08-05_2007_face1.jpg,0,1,0.6041,0.3959,0.6041
real_images/3804612_1963-05-18_2010_face1.jpg,0,0,0.8963,0.8963,0.1037
real_images/3ec805a4ab434772a407bf8e956d4955.jpg,0,0,0.7851,0.7851,0.2149
real_images/3ed1ae74825f420395b8f2d45a743c24.jpg,0,0,0.9255,0.9255,0.0745
real_images/5ce7997db5bc424b9be49e7f108ee2d2.jpg,0,0,0.7138,0.7138,0.2862
real_images/5ecaceb8674a4dbf91d63c3423597bb2.jpg,0,0,0.9548,0.9548,0.0452
real_images/1346412_1953-04-06_1972_face1.jpg,0,0,0.9753,0.9753,0.0247
real_images/381312_1906-02-05_1941_face1.jpg,0,0,0.9628,0.9628,0.0372
real_images/5a25cebfcf834190becf21b4bf9cfa01.jpg,0,0,0.561,0.561,0.439
real_images/06a183340cc441a082084cd24787d6f9.jpg,0,0,0.9119,0.9119,0.0881
real_images/221812_1976-04-25_2011_face1.jpg,0,0,0.7912,0.7912,0.2088
real_images/57812_1925-06-17_2011_face1.jpg,0,0,0.8582,0.8582,0.1418
real_images/3e94d4c0feaa46339cd4eb596ec131a0.jpg,0,0,0.6641,0.6641,0.3359
real_images/5b10f7a068954563b35534da0b525610.jpg,0,0,0.973,0.973,0.027
real_images/7309412_1985-04-24_2011_face1.jpg,0,0,0.9614,0.9614,0.0386
real_images/6aae0db6fe784cc6b232a5fc85ad89f4.jpg,0,0,0.8802,0.8802,0.1198
real_images/11503512_1985-08-31_2015_face2.jpg,0,0,0.9517,0.9517,0.0483
real_images/5649512_1984-12-13_2013_face1.jpg,0,0,0.9071,0.9071,0.0929
real_images/4e5fbeead51a461aac89bf2cfc95f06a.jpg,0,0,0.8334,0.8334,0.1666
real_images/6dcd89b300984c0795bc9fcae6f528a0.jpg,0,0,0.5953,0.5953,0.4047
real_images/4e2dce40494a41ba9c55af4565efb350.jpg,0,0,0.7419,0.7419,0.2581
real_images/3f6538310c62439bb7d772e14346f7f5.jpg,0,0,0.9623,0.9623,0.0377
real_images/6cc3e596ca2643f2b2dc835f9d9b1ea7.jpg,0,0,0.9492,0.9492,0.0508
real_images/4629012_1987-12-19_2015_face1.jpg,0,0,0.9202,0.9202,0.0798
real_images/05ec40f6870040ab8402ece897a638da.jpg,0,0,0.874,0.874,0.126
real_images/7079612_1992-06-26_2010_face1.jpg,0,0,0.9353,0.9353,0.0647
real_images/5ce98b28d3f442dab580be36d45a6133.jpg,0,0,0.9232,0.9232,0.0768
real_images/6a7ba38521314e0aa99b422e1b7397da.jpg,0,0,0.9018,0.9018,0.0982
real_images/17857512_1961-08-03_2010_face1.jpg,0,0,0.8945,0.8945,0.1055
real_images/5dfa18fb768b49c0adbd5234e609216d.jpg,0,0,0.9071,0.9071,0.0929
real_images/1056712_1982-12-12_2007_face1.jpg,0,0,0.9805,0.9805,0.0195
real_images/13336112_1989-09-26_2009_face1.jpg,0,0,0.9908,0.9908,0.0092
real_images/5d7fe2c31e4e492394606a67a40dc55e.jpg,0,0,0.9661,0.9661,0.0339
real_images/5aa1db6b11b54a27ad46a365df1e6832.jpg,0,1,0.7591,0.2409,0.7591
real_images/9263812_1965-04-14_2012_face1.jpg,0,0,0.9901,0.9901,0.0099
real_images/11503512_1985-08-31_2015_face1.jpg,0,0,0.9417,0.9417,0.0583
real_images/1030112_1985-02-26_2012_face1.jpg,0,0,0.9781,0.9781,0.0219
real_images/5a023f97114c464cb98b315e263834b3.jpg,0,0,0.8552,0.8552,0.1448
real_images/6aa7d3c94bb64fe4ab67be9e940e1f1a.jpg,0,0,0.9472,0.9472,0.0528
real_images/5295912_1978-10-13_2014_face1.jpg,0,0,0.9222,0.9222,0.0778
real_images/294912_1957-07-09_2010_face1.jpg,0,0,0.8219,0.8219,0.1781
real_images/4e5ad5bc7f854127aa5b48962992cc9d.jpg,0,1,0.6039,0.3961,0.6039
real_images/6aed227657b74cc897cb82b657df1e99.jpg,0,0,0.7216,0.7216,0.2784
real_images/3570312_1954-09-07_2011_face1.jpg,0,0,0.8892,0.8892,0.1108
real_images/2301712_1964-10-25_2010_face1.jpg,0,0,0.6699,0.6699,0.3301
real_images/6c947d6bc4c847ae97b6c171565ce8c3.jpg,0,0,0.8536,0.8536,0.1464
real_images/4e7d4898e5894afc9f20c75e1ff53cc9.jpg,0,1,0.901,0.099,0.901
real_images/2057912_1923-02-23_1950_face1.jpg,0,0,0.9579,0.9579,0.0421
real_images/1272112_1948-12-31_2009_face1.jpg,0,0,0.9745,0.9745,0.0255
real_images/5b9c82f63bdf4c3a8e6533a9fb68bd52.jpg,0,0,0.8359,0.8359,0.1641
real_images/6bacea220d17498d8ae11661cb0e9468.jpg,0,0,0.6124,0.6124,0.3876
real_images/100012_1948-07-03_2008_face1.jpg,0,0,0.9829,0.9829,0.0171
real_images/3deaafddec2d429b9eb9162725edca35.jpg,0,1,0.5124,0.4876,0.5124
real_images/5adf9acb2d28449f85e95ffd4af146fb.jpg,0,0,0.9865,0.9865,0.0135
real_images/11550012_1969-11-05_2011_face1.jpg,0,0,0.9635,0.9635,0.0365
real_images/17621312_1947-10-08_1990_face1.jpg,0,0,0.9643,0.9643,0.0357
real_images/6a8567391e394007becf4b838576f51c.jpg,0,0,0.9777,0.9777,0.0223
real_images/3eed35e01efc4f22893fd08d632a2178.jpg,0,0,0.9232,0.9232,0.0768
real_images/3f5dbe1b09f04b60b8612e4bdbb8b5d0.jpg,0,0,0.521,0.521,0.479
real_images/3002912_1983-04-07_2012_face1.jpg,0,0,0.9799,0.9799,0.0201
real_images/3e5e04c6239d4e61baeac66379c3deef.jpg,0,0,0.9616,0.9616,0.0384
real_images/533512_1990-10-19_2013_face1.jpg,0,0,0.9635,0.9635,0.0365
real_images/4fc75efd02224d869141016629845a8c.jpg,0,1,0.6481,0.3519,0.6481
real_images/6b52a64f7b61456792ac914d8872e024.jpg,0,0,0.8725,0.8725,0.1275
real_images/7675412_1972-01-11_2012_face1.jpg,0,0,0.9817,0.9817,0.0183
real_images/6d540c45555a4517a1d031824beff57e.jpg,0,0,0.8256,0.8256,0.1744
real_images/6d0d5c7ae4b24369ae6b0ac476b2b802.jpg,0,0,0.9612,0.9612,0.0388
real_images/4ad69fc23113409596dd5ad152c38bfb.jpg,0,0,0.9165,0.9165,0.0835
real_images/4aaa8075afff4ccb8af742d06073b221.jpg,0,0,0.9587,0.9587,0.0413
real_images/19843712_1985-01-16_2014_face1.jpg,0,0,0.9366,0.9366,0.0634
real_images/1393912_1980-08-06_2011_face1.jpg,0,0,0.6977,0.6977,0.3023
real_images/609112_1972-04-11_2009_face1.jpg,0,0,0.9076,0.9076,0.0924
real_images/6aecab6c2bf740f4a298b87bda7e94a3.jpg,0,0,0.9895,0.9895,0.0105
real_images/944612_1974-02-26_2014_face1.jpg,0,0,0.7884,0.7884,0.2116
real_images/6b0c59e56c6a44b2a4cebf606e9109b5.jpg,0,0,0.8809,0.8809,0.1191
real_images/581612_1985-03-09_2011_face1.jpg,0,0,0.9839,0.9839,0.0161
real_images/4f57ec21dfa449adaf5fe3781bf772bd.jpg,0,1,0.6652,0.3348,0.6652
real_images/842312_1972-03-18_2007_face1.jpg,0,0,0.9695,0.9695,0.0305
real_images/6b3f1649d53145c09944278fc27c97c6.jpg,0,0,0.9884,0.9884,0.0116
real_images/6c2f07a05bb14e0c92384aa4b0472967.jpg,0,0,0.9227,0.9227,0.0773
real_images/6cc56a4d3a2a41438cd09543ff6ead26.jpg,0,1,0.5074,0.4926,0.5074
real_images/4c0c0e54c5334d7eb06f734dd6bfd0af.jpg,0,0,0.9775,0.9775,0.0225
real_images/12268212_1985-05-18_2010_face1.jpg,0,0,0.9306,0.9306,0.0694
real_images/5b68ee147c1846548b545978d99099dc.jpg,0,1,0.6208,0.3792,0.6208
real_images/4af63c49c2aa4bb0b551f89f490867ed.jpg,0,0,0.6132,0.6132,0.3868
real_images/5885912_1982-09-19_2010_face1.jpg,0,0,0.6992,0.6992,0.3008
real_images/207112_1987-11-03_2012_face1.jpg,0,0,0.9342,0.9342,0.0658
real_images/6271312_1977-01-24_2009_face1.jpg,0,0,0.894,0.894,0.106
real_images/4a25034b6ba245eca22f210386cdf727.jpg,0,1,0.6463,0.3537,0.6463
real_images/8903312_1982-09-21_2014_face1.jpg,0,0,0.9722,0.9722,0.0278
real_images/4f9ff4f29d4840a9a660f427403091ec.jpg,0,0,0.838,0.838,0.162
real_images/5be0d95800024271a659bba238cea228.jpg,0,0,0.9952,0.9952,0.0048
real_images/4fa2375730ed48b2b80b5fd1d82cd23b.jpg,0,0,0.8445,0.8445,0.1555
real_images/5a5a3dffb8da465abac68ed87cf6d0bf.jpg,0,0,0.7299,0.7299,0.2701
real_images/4d10f4955b4c4913b3a9651f3ddd9e26.jpg,0,0,0.8682,0.8682,0.1318
real_images/2604712_1980-06-30_2011_face1.jpg,0,0,0.9818,0.9818,0.0182
real_images/18422812_1952-11-19_2008_face1.jpg,0,0,0.9885,0.9885,0.0115
real_images/718812_1982-02-14_2013_face1.jpg,0,0,0.8477,0.8477,0.1523
real_images/3ee90b957d4f460cbb63af30fc471282.jpg,0,1,0.7333,0.2667,0.7333
real_images/3e13285a5f754e3cab784bf1c682aacf.jpg,0,0,0.9477,0.9477,0.0523
real_images/3de86678d7934b88b0520fccdb62e40d.jpg,0,0,0.6892,0.6892,0.3108
real_images/5c1d6fce86ff4a1fade117b95591de3f.jpg,0,0,0.8582,0.8582,0.1418
real_images/6ae892b7ac3b4158b35bb2727d4f77f7.jpg,0,0,0.9225,0.9225,0.0775
real_images/1197012_1961-03-08_2010_face1.jpg,0,0,0.9739,0.9739,0.0261
real_images/1189612_1980-05-17_2012_face1.jpg,0,0,0.9327,0.9327,0.0673
real_images/1357712_1968-07-13_2009_face1.jpg,0,0,0.8596,0.8596,0.1404
real_images/4d34616243b8449e97c44d714e37e5be.jpg,0,0,0.7142,0.7142,0.2858
real_images/1743112_1940-10-03_2007_face1.jpg,0,0,0.9322,0.9322,0.0678
real_images/1904112_1944-04-03_2012_face1.jpg,0,0,0.8372,0.8372,0.1628
real_images/1798012_1948-05-25_2007_face1.jpg,0,0,0.8671,0.8671,0.1329
real_images/04c10a4acf094389a3842b1d336a13ae.jpg,0,0,0.9164,0.9164,0.0836
real_images/5d42a75283554622ad9e1ebdf487d4eb.jpg,0,0,0.8491,0.8491,0.1509
real_images/17839812_1980-08-10_2014_face1.jpg,0,0,0.9271,0.9271,0.0729
real_images/4e83712cf7cd4ef8b3ea5981e9dea079.jpg,0,0,0.6565,0.6565,0.3435
real_images/5ade490e7be4489f8570e6069f10d423.jpg,0,0,0.9155,0.9155,0.0845
real_images/4d4483c4ff5e4435b11ad19677b70a9a.jpg,0,1,0.514,0.486,0.514
real_images/6215212_1961-10-28_2011_face1.jpg,0,0,0.9767,0.9767,0.0233
real_images/3142312_1986-09-27_2004_face1.jpg,0,0,0.9594,0.9594,0.0406
real_images/173612_1947-06-22_2005_face1.jpg,0,0,0.977,0.977,0.023
real_images/5c133c524f1647b19cd36a5a1635e353.jpg,0,0,0.9552,0.9552,0.0448
real_images/6b3e665508724927bb1045f9d61b1627.jpg,0,0,0.9737,0.9737,0.0263
real_images/4d7f01dc3308467da25b6492b3ba11e9.jpg,0,1,0.8413,0.1587,0.8413
real_images/4b13cd1a88de4eae81fe14cb7efaf1cf.jpg,0,0,0.8899,0.8899,0.1101
real_images/20940812_1981-10-10_2015_face1.jpg,0,0,0.916,0.916,0.084
real_images/4a740f3f291d461bb5bb1cf9810c7375.jpg,0,0,0.6913,0.6913,0.3087
real_images/5c0998d0214246e6bd7b40310b19229b.jpg,0,0,0.7969,0.7969,0.2031
real_images/5bb9e488dcf74e729708da2bfcee0949.jpg,0,0,0.9327,0.9327,0.0673
real_images/4e296a3ac64a4d8aa2cd2bb398a864d2.jpg,0,0,0.9448,0.9448,0.0552
real_images/2259212_1947-10-08_2006_face1.jpg,0,0,0.99,0.99,0.01
real_images/3edd0daa89df4b5f852ab3d05a6de842.jpg,0,0,0.9381,0.9381,0.0619
real_images/3262212_1976-09-08_2004_face1.jpg,0,0,0.9568,0.9568,0.0432
real_images/651912_1956-10-07_1979_face1.jpg,0,0,0.8504,0.8504,0.1496
real_images/2211812_1962-03-12_2014_face1.jpg,0,1,0.5107,0.4893,0.5107
real_images/9608212_1972-11-26_2011_face1.jpg,0,0,0.9141,0.9141,0.0859
real_images/2224812_1969-10-16_2012_face1.jpg,0,0,0.9816,0.9816,0.0184
real_images/5cbf632f8a0f481483e280905213669f.jpg,0,0,0.9864,0.9864,0.0136
real_images/6215212_1961-10-28_2011_face2.jpg,0,0,0.9706,0.9706,0.0294
real_images/308212_1956-10-19_2011_face1.jpg,0,0,0.9102,0.9102,0.0898
real_images/15547112_1958-03-03_2008_face1.jpg,0,0,0.9825,0.9825,0.0175
real_images/2336012_1931-07-06_1956_face1.jpg,0,0,0.8938,0.8938,0.1062
real_images/5b4bda1d62474993920448dd87a571ae.jpg,0,0,0.6659,0.6659,0.3341
real_images/6dca7dec0af346b5b9a6535f7c4b7fe9.jpg,0,0,0.518,0.518,0.482
real_images/8864612_1980-04-22_2010_face1.jpg,0,0,0.9419,0.9419,0.0581
real_images/4b50222a656940d3be1e2ba612df9d9c.jpg,0,0,0.98,0.98,0.02
real_images/4ce75e0d2569498fb05358aaad60f929.jpg,0,0,0.8213,0.8213,0.1787
real_images/6dd9e8a0ba4c43e681e523130f44fa06.jpg,0,1,0.6915,0.3085,0.6915
real_images/4d963d8da316414d99245d79febec4a1.jpg,0,0,0.9511,0.9511,0.0489
real_images/9501612_1920-01-06_1995_face1.jpg,0,0,0.931,0.931,0.069
real_images/17053012_1960-03-20_2010_face1.jpg,0,0,0.8737,0.8737,0.1263
real_images/4ac37b1f8a0c41539b0e27434e0ca62f.jpg,0,0,0.6181,0.6181,0.3819
real_images/9396212_1951-05-03_2008_face1.jpg,0,0,0.9136,0.9136,0.0864
real_images/5c456c9be6684e7199b6a0872648a37e.jpg,0,1,0.7827,0.2173,0.7827
real_images/4bffcac01b3d499e843494c72e9b3cdf.jpg,0,0,0.8416,0.8416,0.1584
real_images/9775212_1952-01-18_1994_face1.jpg,0,0,0.9857,0.9857,0.0143
real_images/1166612_1976-08-21_2011_face1.jpg,0,0,0.9711,0.9711,0.0289
real_images/4d922fede9e6433e9fa3f40b22ef0097.jpg,0,1,0.8063,0.1937,0.8063
real_images/10958212_1983-11-02_2009_face1.jpg,0,1,0.5776,0.4224,0.5776
fake_images/3e3758a1e73f46918524d5b5a109c106.jpg,1,1,0.8483,0.1517,0.8483
fake_images/2340111_1955-11-22_2009_face1.png,1,0,0.9889,0.9889,0.0111
fake_images/4cdd266537db49f8942cbb1e1f1cda3a.jpg,1,0,0.6287,0.6287,0.3713
fake_images/670911_1973-10-07_2012_face1.png,1,0,0.8955,0.8955,0.1045
fake_images/04d191e73562472cac4aa285a6d6bbe8.jpg,1,1,0.9881,0.0119,0.9881
fake_images/866811_1964-09-10_1993_face1.png,1,0,0.8366,0.8366,0.1634
fake_images/3ec9107177b64580b696527f12fec24e.jpg,1,1,0.9132,0.0868,0.9132
fake_images/seed10078_face1.png,1,0,0.9283,0.9283,0.0717
fake_images/04d2ff1ed00e4fb784a4cb5470647e6d.jpg,1,0,0.9603,0.9603,0.0397
fake_images/05a1bb636e8f47e4935e3cd936c0e7e1.jpg,1,0,0.6643,0.6643,0.3357
fake_images/4c1c7f7f88674b7fa95a11089119027e.jpg,1,1,0.5004,0.4996,0.5004
fake_images/618111_1972-12-12_2010_face1.png,1,0,0.8197,0.8197,0.1803
fake_images/731111_1976-10-23_2015_face3.png,1,0,0.9921,0.9921,0.0079
fake_images/seed10016_face1.png,1,0,0.8798,0.8798,0.1202
fake_images/2443611_1976-05-25_2007_face1.png,1,0,0.9338,0.9338,0.0662
fake_images/5e179ee020be45428edcd283f4704f3f.jpg,1,1,0.984,0.016,0.984
fake_images/seed10084_face1.png,1,0,0.9753,0.9753,0.0247
fake_images/5d68efe838d84c6e8ec0c0bdd7cdd21d.jpg,1,0,0.9611,0.9611,0.0389
fake_images/3f6345a0b99f46c3a50f6d0a6f938e0d.jpg,1,0,0.539,0.539,0.461
fake_images/816211_1984-06-09_2012_face1.png,1,0,0.901,0.901,0.099
fake_images/804611_1975-12-27_1982_face1.png,1,0,0.8382,0.8382,0.1618
fake_images/seed10037_face1.png,1,0,0.8835,0.8835,0.1165
fake_images/731111_1976-10-23_2015_face2.png,1,0,0.9854,0.9854,0.0146
fake_images/4afc46d326bf43a28d571b2a2cb1c1d9.jpg,1,0,0.7351,0.7351,0.2649
fake_images/3cc6e5930d2f4f8d8848f8d4c8a9587e.jpg,1,1,0.6642,0.3358,0.6642
fake_images/701611_1951-11-15_2012_face1.png,1,0,0.9696,0.9696,0.0304
fake_images/4c8484924e69470d8a0357a46facec8d.jpg,1,1,0.9874,0.0126,0.9874
fake_images/seed10023_face1.png,1,0,0.9121,0.9121,0.0879
fake_images/5a624491f860449d9c8e4499079e2667.jpg,1,0,0.8104,0.8104,0.1896
fake_images/5b2201e9571947518f5552a6623045cd.jpg,1,0,0.7673,0.7673,0.2327
fake_images/12741111_1921-10-25_1943_face1.png,1,0,0.9668,0.9668,0.0332
fake_images/1512711_1977-03-15_2008_face2.png,1,0,0.9816,0.9816,0.0184
fake_images/4d59aa4c704443c18df3855a97fdd880.jpg,1,1,0.9694,0.0306,0.9694
fake_images/seed10090_face1.png,1,0,0.9303,0.9303,0.0697
fake_images/seed10059_face1.png,1,0,0.9813,0.9813,0.0187
fake_images/1787811_1969-06-23_2006_face1.png,1,0,0.7739,0.7739,0.2261
fake_images/5aa5763e8b4a42c78e292fe9da6d515d.jpg,1,1,0.9109,0.0891,0.9109
fake_images/5d77fe7f8d3647ac85b618d930938072.jpg,1,0,0.9518,0.9518,0.0482
fake_images/3dd209d504814f5d9235dac21825a8de.jpg,1,1,0.9173,0.0827,0.9173
fake_images/seed10075_face1.png,1,0,0.9459,0.9459,0.0541
fake_images/3e476dfc51be495fb28417a47c0208e1.jpg,1,0,0.9569,0.9569,0.0431
fake_images/3d82d32af19847b3a757167119fc715d.jpg,1,1,0.6581,0.3419,0.6581
fake_images/5c96a8b8254043a19f9574f99b0ac280.jpg,1,0,0.8119,0.8119,0.1881
fake_images/968311_1972-07-01_2006_face1.png,1,0,0.9696,0.9696,0.0304
fake_images/seed10061_face1.png,1,0,0.8216,0.8216,0.1784
fake_images/4a5ab8328111423ea18a291f57e65a30.jpg,1,0,0.9312,0.9312,0.0688
fake_images/5d7c5d6ec567472ea7082675359a7ef3.jpg,1,0,0.9118,0.9118,0.0882
fake_images/seed10106_face1.png,1,0,0.9252,0.9252,0.0748
fake_images/seed10040_face1.png,1,0,0.9815,0.9815,0.0185
fake_images/seed10089_face1.png,1,0,0.9189,0.9189,0.0811
fake_images/731111_1976-10-23_2015_face1.png,1,0,0.9857,0.9857,0.0143
fake_images/4daed1206e044d8bab574c347ff12f87.jpg,1,0,0.6201,0.6201,0.3799
fake_images/5efb59bfacce40adb913a60112fa8c5d.jpg,1,1,0.9865,0.0135,0.9865
fake_images/4d57f9f2256843f9b24c13ecc1d19bbb.jpg,1,0,0.9674,0.9674,0.0326
fake_images/3026611_1984-05-30_2015_face1.png,1,0,0.9237,0.9237,0.0763
fake_images/5a4744f223044cf88ab5c41c299050bb.jpg,1,1,0.6253,0.3747,0.6253
fake_images/seed10054_face1.png,1,0,0.9773,0.9773,0.0227
fake_images/seed10112_face1.png,1,0,0.9608,0.9608,0.0392
fake_images/1512711_1977-03-15_2008_face1.png,1,0,0.9694,0.9694,0.0306
fake_images/5ba2637b597d4163a70131f93e2768be.jpg,1,0,0.787,0.787,0.213
fake_images/5d172b19aec94ab19c4902339f3a3d5c.jpg,1,1,0.8879,0.1121,0.8879
fake_images/seed10031_face1.png,1,0,0.9807,0.9807,0.0193
fake_images/5a19c310c2444f4da4ae329e990a670e.jpg,1,1,0.9816,0.0184,0.9816
fake_images/3cdbc33e30f14fdcab7eaeda61f9eafd.jpg,1,0,0.8272,0.8272,0.1728
fake_images/seed10082_face1.png,1,0,0.8965,0.8965,0.1035
fake_images/5a43770180d84d6e90b670a8ae38a263.jpg,1,0,0.6355,0.6355,0.3645
fake_images/1482311_1936-11-11_1959_face1.png,1,0,0.9663,0.9663,0.0337
fake_images/5a7fd4c51ea24870b069765e678e596c.jpg,1,1,0.9621,0.0379,0.9621
fake_images/4d8c3f95ce8b4b70afb5972db8e2e497.jpg,1,0,0.7071,0.7071,0.2929
fake_images/5ecedee4d40f4f62a30efa1368045977.jpg,1,0,0.8996,0.8996,0.1004
fake_images/11373011_1987-04-09_2010_face2.png,1,0,0.9725,0.9725,0.0275
fake_images/seed10004_face1.png,1,0,0.976,0.976,0.024
fake_images/3ee2198cd2964ba182b7c6dfde50b778.jpg,1,0,0.5029,0.5029,0.4971
fake_images/3d97c757355543e3adc9820e7d33f9d4.jpg,1,1,0.7684,0.2316,0.7684
fake_images/seed10010_face1.png,1,0,0.9719,0.9719,0.0281
fake_images/4b40732be95e4d0baf8c27fae87f0a69.jpg,1,0,0.8709,0.8709,0.1291
fake_images/2303211_1971-09-15_2007_face1.png,1,0,0.9801,0.9801,0.0199
fake_images/10510011_1927-02-03_1955_face1.png,1,0,0.88,0.88,0.12
fake_images/4a62b675c9d048eaa42717f184405cdf.jpg,1,1,0.9085,0.0915,0.9085
fake_images/3f26b69fd06c403a9811b6a1981db017.jpg,1,1,0.7095,0.2905,0.7095
fake_images/3cb89a3dbbcc449bb044a4f394b1eee6.jpg,1,0,0.7262,0.7262,0.2738
fake_images/seed10100_face1.png,1,0,0.9467,0.9467,0.0533
fake_images/4b46d53687014aa8bdba01ff6b8a51e9.jpg,1,1,0.5596,0.4404,0.5596
fake_images/seed10114_face1.png,1,0,0.868,0.868,0.132
fake_images/seed10052_face1.png,1,0,0.9551,0.9551,0.0449
fake_images/seed10028_face1.png,1,0,0.6494,0.6494,0.3506
fake_images/11373011_1987-04-09_2010_face1.png,1,0,0.9713,0.9713,0.0287
fake_images/3f54e46f49db4db3898a2a23775214ee.jpg,1,1,0.9044,0.0956,0.9044
fake_images/4051111_1971-11-14_2007_face1.png,1,1,0.5366,0.4634,0.5366
fake_images/seed10073_face1.png,1,0,0.7704,0.7704,0.2296
fake_images/4d4d9835b63946e687e652d51bfac320.jpg,1,0,0.9125,0.9125,0.0875
fake_images/5b393e7e70ed429f88b7e38ca7262d8b.jpg,1,0,0.9579,0.9579,0.0421
fake_images/seed10009_face1.png,1,0,0.6994,0.6994,0.3006
fake_images/5a963252fe7a4c6cbfdb5fe443ffc010.jpg,1,0,0.8203,0.8203,0.1797
fake_images/6868211_1981-05-01_2011_face1.png,1,0,0.9779,0.9779,0.0221
fake_images/4aa7873c25c645569ee998ae6a6f528f.jpg,1,1,0.5896,0.4104,0.5896
fake_images/seed10010_face2.png,1,0,0.9432,0.9432,0.0568
fake_images/3ebbbbd478ae47fbb6b71fb1c970bfd7.jpg,1,0,0.5783,0.5783,0.4217
fake_images/476211_1917-02-19_1959_face1.png,1,0,0.8229,0.8229,0.1771
fake_images/4f6f26d250f942bdaa8bfa4dce3cb001.jpg,1,0,0.9354,0.9354,0.0646
fake_images/seed10121_face1.png,1,0,0.7786,0.7786,0.2214
fake_images/620711_1964-08-11_2010_face1.png,1,0,0.8975,0.8975,0.1025
fake_images/5b655a5f41dc4e379763393d27c7d73d.jpg,1,0,0.9729,0.9729,0.0271
fake_images/3ee8d7c47d224e45b752fe4ae8f42eb1.jpg,1,1,0.9943,0.0057,0.9943
fake_images/3d7ea40b7fa94e69bef09289c0d0f33e.jpg,1,1,0.5713,0.4287,0.5713
fake_images/3306211_1988-03-06_2012_face1.png,1,0,0.9754,0.9754,0.0246
fake_images/4bce99761c5f42aead2921b8ed6817f0.jpg,1,1,0.8046,0.1954,0.8046
fake_images/5efe3d201aaa42d68c75e8e14705790d.jpg,1,0,0.9515,0.9515,0.0485
fake_images/5ebf95490d0e4017975fe31842bd07cd.jpg,1,0,0.528,0.528,0.472
fake_images/5cf66c87484a4affad4d51f80b204388.jpg,1,0,0.9259,0.9259,0.0741
fake_images/5d3bfdfc97274370aae0a5cd42441df5.jpg,1,1,0.6852,0.3148,0.6852
fake_images/4e64674d1cc0412baea507acf8060ab4.jpg,1,0,0.9623,0.9623,0.0377
fake_images/seed10003_face1.png,1,0,0.9064,0.9064,0.0936
fake_images/5cd2354e67854837b9f3691714e4674f.jpg,1,0,0.864,0.864,0.136
fake_images/4c1ae121f403497e80a960c9718196b0.jpg,1,0,0.7001,0.7001,0.2999
fake_images/3dc3855f16a84ef6a15f82434720e45a.jpg,1,1,0.9344,0.0656,0.9344
fake_images/3ec4bde8b3b04df4ba9153e479d625b1.jpg,1,1,0.8906,0.1094,0.8906
fake_images/seed10079_face1.png,1,0,0.8949,0.8949,0.1051
fake_images/3e78723c12514554b83b8caa20fe5440.jpg,1,0,0.9697,0.9697,0.0303
fake_images/seed10022_face1.png,1,0,0.8816,0.8816,0.1184
fake_images/3f655b8dfb5449af9fb7044eb642c293.jpg,1,0,0.8125,0.8125,0.1875
fake_images/seed10058_face1.png,1,0,0.894,0.894,0.106
fake_images/4eced9f4a16947289bbbefc05d4ad2bb.jpg,1,0,0.9445,0.9445,0.0555
fake_images/seed10085_face1.png,1,0,0.9569,0.9569,0.0431
fake_images/5d5cc1d821754c579a263f85590b9f7d.jpg,1,0,0.5511,0.5511,0.4489
fake_images/4491611_1969-06-24_2008_face1.png,1,0,0.9796,0.9796,0.0204
fake_images/861011_1916-11-14_2008_face1.png,1,0,0.7898,0.7898,0.2102
fake_images/seed10036_face1.png,1,0,0.8802,0.8802,0.1198
fake_images/5a588d8ef11343f8bbf39964db24741d.jpg,1,0,0.9765,0.9765,0.0235
fake_images/5c304e481458400da8b6599d3d0e5a00.jpg,1,0,0.9501,0.9501,0.0499
fake_images/3dae2ae2ab8b4984bcfdf18af08d876d.jpg,1,1,0.5259,0.4741,0.5259
fake_images/1617211_1964-04-14_2012_face1.png,1,0,0.8533,0.8533,0.1467
fake_images/4f48b68c4bf6493ea98d653d8c0e791b.jpg,1,0,0.7398,0.7398,0.2602
fake_images/seed10060_face1.png,1,0,0.9216,0.9216,0.0784
fake_images/970011_1976-10-11_2012_face1.png,1,0,0.9871,0.9871,0.0129
fake_images/4f9862f084e947d4b22c6c12546a084a.jpg,1,0,0.7117,0.7117,0.2883
fake_images/4d70f2ce81934779b865bb80babef019.jpg,1,0,0.8152,0.8152,0.1848
fake_images/seed10074_face1.png,1,0,0.9376,0.9376,0.0625
fake_images/3ed3cf47811a41cda1a628ff18ed95ed.jpg,1,0,0.8779,0.8779,0.1221
fake_images/5a82e1219bf34554b35e195b9338a627.jpg,1,1,0.9465,0.0535,0.9465
fake_images/901511_1933-01-23_2009_face1.png,1,0,0.8311,0.8311,0.1689
fake_images/5a1396f0009d41b488a3d6c0aa05d8d6.jpg,1,0,0.9051,0.9051,0.0949
fake_images/seed10113_face1.png,1,0,0.9311,0.9311,0.0689
fake_images/seed10055_face1.png,1,0,0.8867,0.8867,0.1133
fake_images/3605611_1970-08-10_2006_face1.png,1,0,0.9219,0.9219,0.0781
fake_images/1433411_1946-04-04_1981_face1.png,1,0,0.7128,0.7128,0.2872
fake_images/5def7a9e0f994d44b5f5a9a039264330.jpg,1,0,0.9723,0.9723,0.0277
fake_images/13791911_1962-07-09_2010_face1.png,1,0,0.9543,0.9543,0.0457
fake_images/seed10085_face2.png,1,0,0.9801,0.9801,0.0199
fake_images/seed10088_face1.png,1,0,0.9469,0.9469,0.0531
fake_images/seed10036_face2.png,1,0,0.978,0.978,0.022
fake_images/4cd99e192ef74467a42b5e0976c7204a.jpg,1,1,0.9904,0.0096,0.9904
fake_images/5cfceb70800f4e3ebdb216514cc2af7d.jpg,1,1,0.54,0.46,0.54
fake_images/3e5a35aa426a4593ac8b4ad17cdbaccc.jpg,1,1,0.6615,0.3385,0.6615
fake_images/seed10118_face1.png,1,0,0.8179,0.8179,0.1821
fake_images/5dec6d6e40bd4d6bb3016f05bef8c3ae.jpg,1,0,0.8176,0.8176,0.1824
fake_images/seed10097_face1.png,1,0,0.9737,0.9737,0.0263
fake_images/13034811_1983-10-23_2013_face1.png,1,0,0.9015,0.9015,0.0985
fake_images/4dbbe0627b9948ba9a952dae05ef0c3a.jpg,1,0,0.8925,0.8925,0.1075
fake_images/seed10024_face1.png,1,0,0.9676,0.9676,0.0324
fake_images/5be1fd834d9647309da6525de1cbe8a1.jpg,1,1,0.8442,0.1558,0.8442
fake_images/3132011_1928-06-27_2009_face1.png,1,1,0.7019,0.2981,0.7019
fake_images/5ca82a98c29f40f1bea0ed3325f9f045.jpg,1,0,0.9599,0.9599,0.0401
fake_images/seed10083_face1.png,1,0,0.9828,0.9828,0.0172
fake_images/5ada6152507843ee9e4aaa5a40829095.jpg,1,0,0.9527,0.9527,0.0473
fake_images/seed10047_face2.png,1,0,0.9843,0.9843,0.0157
fake_images/4a08ccaa39384300b78a2f030dec0a78.jpg,1,0,0.5456,0.5456,0.4544
fake_images/03d87b233c304ffbb03a5ed5958a1576.jpg,1,1,0.5271,0.4729,0.5271
fake_images/seed10011_face1.png,1,0,0.8391,0.8391,0.1609
fake_images/12078811_1923-11-29_1956_face1.png,1,0,0.8062,0.8062,0.1938
fake_images/4dedef02aed443d5ac769facf7d7603d.jpg,1,0,0.8604,0.8604,0.1396
fake_images/10429311_1980-09-24_2007_face2.png,1,0,0.9807,0.9807,0.0193
fake_images/seed10066_face2.png,1,0,0.9715,0.9715,0.0285
fake_images/3dbffa9c725248e1919362667c902f6d.jpg,1,1,0.989,0.011,0.989
fake_images/4f756656114940c68c13b1ea8d4d4d90.jpg,1,0,0.9811,0.9811,0.0189
fake_images/5ef524641187462b983733acb1b10878.jpg,1,0,0.7247,0.7247,0.2753
fake_images/seed10005_face1.png,1,0,0.9706,0.9706,0.0294
fake_images/5a11292f6dcf4047b39a9331d939b590.jpg,1,0,0.5775,0.5775,0.4225
fake_images/3390511_1978-12-03_2011_face1.png,1,0,0.958,0.958,0.042
fake_images/seed10053_face1.png,1,0,0.7473,0.7473,0.2527
fake_images/1237211_1894-09-03_1958_face1.png,1,0,0.9783,0.9783,0.0217
fake_images/5b749e21af4e4183b006812e565861bf.jpg,1,0,0.6862,0.6862,0.3138
fake_images/seed10115_face1.png,1,0,0.9588,0.9588,0.0412
fake_images/993811_1943-06-13_2010_face1.png,1,0,0.8326,0.8326,0.1674
fake_images/3d9bfef8ee9843ae9ce0626cd493ae26.jpg,1,1,0.7232,0.2768,0.7232
fake_images/5df08a3649fd43c9a573df1ecae8afcd.jpg,1,0,0.5702,0.5702,0.4298
fake_images/4e93e90990c543ebbbf96fa7fa502384.jpg,1,1,0.8747,0.1253,0.8747
fake_images/4f824e73c8584ac187d5749d05277142.jpg,1,0,0.5992,0.5992,0.4008
fake_images/seed10029_face1.png,1,0,0.7896,0.7896,0.2104
fake_images/5a8f8ecb95854c089e26bf98d3b50f4f.jpg,1,1,0.6363,0.3637,0.6363
fake_images/seed10024_face2.png,1,0,0.7652,0.7652,0.2348
fake_images/5ac49eb0f71d46fab04529a47913dce4.jpg,1,0,0.7882,0.7882,0.2118
fake_images/2067111_1962-03-15_2006_face1.png,1,0,0.9258,0.9258,0.0742
fake_images/3f9d57c0cdd3404885db681b5f2c71a0.jpg,1,0,0.8843,0.8843,0.1157
fake_images/4d10393d5c51486982979efeec053878.jpg,1,0,0.7905,0.7905,0.2095
fake_images/13193011_1952-01-19_1972_face1.png,1,0,0.9904,0.9904,0.0096
fake_images/seed10101_face1.png,1,0,0.8025,0.8025,0.1975
fake_images/seed10047_face1.png,1,0,0.9784,0.9784,0.0216
fake_images/3e3ac9c65a6d45b585d3fec0776b7af7.jpg,1,1,0.9791,0.0209,0.9791
fake_images/5c81335c395e4e57940ad81803c749e3.jpg,1,1,0.7742,0.2258,0.7742
fake_images/4177511_1977-11-28_2008_face1.png,1,0,0.9437,0.9437,0.0563
fake_images/4e96dbfe0b6d49e1b59d49c65717d95b.jpg,1,0,0.6855,0.6855,0.3145
fake_images/10429311_1980-09-24_2007_face1.png,1,0,0.9808,0.9808,0.0192
fake_images/seed10120_face1.png,1,0,0.9829,0.9829,0.0171
fake_images/7152911_1917-05-01_1965_face1.png,1,0,0.8863,0.8863,0.1137
fake_images/seed10066_face1.png,1,0,0.9873,0.9873,0.0127
fake_images/seed10072_face1.png,1,0,0.9851,0.9851,0.0149
fake_images/1657111_1965-06-24_1976_face1.png,1,0,0.9632,0.9632,0.0368
fake_images/seed10008_face1.png,1,0,0.9724,0.9724,0.0276
fake_images/8093311_1950-11-21_2008_face1.png,1,0,0.9692,0.9692,0.0308
fake_images/4b91149314424657aa8fbf6b9db89208.jpg,1,0,0.86,0.86,0.14
fake_images/5b5a89554d094a4a92a97b993d995823.jpg,1,0,0.8184,0.8184,0.1816
fake_images/4d462b1cb16946018831e6afa7c5ccdb.jpg,1,0,0.9888,0.9888,0.0112
fake_images/seed10042_face2.png,1,0,0.9681,0.9681,0.0319
fake_images/seed10109_face1.png,1,0,0.9727,0.9727,0.0273
fake_images/11642011_1987-11-13_2006_face1.png,1,0,0.9779,0.9779,0.0221
fake_images/5bbe15ded4d54534b2b092c9f9102f13.jpg,1,0,0.9529,0.9529,0.0471
fake_images/5b1bd14e04204506b784f9b4e652f66d.jpg,1,0,0.6968,0.6968,0.3032
fake_images/seed10021_face1.png,1,0,0.9255,0.9255,0.0745
fake_images/4a73aaf84d93425a9df915575c8d6547.jpg,1,1,0.6539,0.3461,0.6539
fake_images/5d128e58cc9f43eaa2273256fadc973c.jpg,1,1,0.9932,0.0068,0.9932
fake_images/seed10092_face1.png,1,0,0.9656,0.9656,0.0344
fake_images/seed10000_face1.png,1,0,0.962,0.962,0.038
fake_images/4f8261d6b00e4cee80ea317d9f2d34ed.jpg,1,1,0.979,0.021,0.979
fake_images/4220311_1939-12-21_2007_face1.png,1,0,0.9644,0.9644,0.0356
fake_images/5d2915c3bb654f5fb2cf146ca88c43af.jpg,1,1,0.5599,0.4401,0.5599
fake_images/04ba4e9b169b4055871fd06c49918218.jpg,1,0,0.9137,0.9137,0.0863
fake_images/5c2249dc60004eb78e313249c2add5d8.jpg,1,1,0.5939,0.4061,0.5939
fake_images/4bf85871e22d4d5d8a8e4ee6b66a096b.jpg,1,1,0.9817,0.0183,0.9817
fake_images/2640611_1970-11-30_2007_face1.png,1,0,0.8588,0.8588,0.1412
fake_images/4bc2d9c667fa43eea65574d8aa7bf635.jpg,1,0,0.9622,0.9622,0.0378
fake_images/5b43d80416794020bfc93eda9681f095.jpg,1,0,0.9455,0.9455,0.0545
fake_images/4f31fb9c6fe84e838c3de471d4426ec8.jpg,1,0,0.5012,0.5012,0.4988
fake_images/4ae626d6665f4b77a83d0b21f7f91c29.jpg,1,0,0.5645,0.5645,0.4355
fake_images/497211_1905-12-27_1941_face1.png,1,0,0.9741,0.9741,0.0259
fake_images/seed10042_face1.png,1,0,0.646,0.646,0.354
fake_images/4b729bcb798f4ef18a15c585049901c6.jpg,1,0,0.538,0.538,0.462
fake_images/seed10109_face2.png,1,0,0.9762,0.9762,0.0238
fake_images/3d4cb7b6275f44a4bd3548dd4ecac54c.jpg,1,0,0.9599,0.9599,0.0401
fake_images/3e324f818449419ba80583f3a0c8e7ae.jpg,1,0,0.8635,0.8635,0.1365
fake_images/596911_1936-03-05_2005_face1.png,1,0,0.9706,0.9706,0.0294
fake_images/4c1cf13b8ae24eb588980e42445f7229.jpg,1,0,0.6138,0.6138,0.3862
fake_images/1699011_1958-10-09_2008_face1.png,1,0,0.9718,0.9718,0.0282
fake_images/5cc58bcbf25649e7a7959f7eb1a5894c.jpg,1,0,0.67,0.67,0.33
fake_images/3e871772ee9f4a79b7f3b7377a89919d.jpg,1,1,0.6532,0.3468,0.6532
fake_images/4b715ea78773497e8c705199e05a37cf.jpg,1,1,0.9168,0.0832,0.9168
fake_images/seed10056_face1.png,1,0,0.9727,0.9727,0.0273
fake_images/4ef2b3ca28ac4861994fe31ad0f765f8.jpg,1,1,0.9948,0.0052,0.9948
fake_images/seed10110_face1.png,1,0,0.9836,0.9836,0.0164
fake_images/436411_1919-03-28_1953_face1.png,1,0,0.8771,0.8771,0.1229
fake_images/3e0a6555580e4309837d6a20a1a0870a.jpg,1,1,0.5254,0.4746,0.5254
fake_images/3cf87294cdb54bfb8cf6172ba23d787f.jpg,1,0,0.6027,0.6027,0.3973
fake_images/5a3b485a4b4d45afb9f82a0667f87896.jpg,1,0,0.5932,0.5932,0.4068
fake_images/4f054eb618ce41bf994b0c1f201d14af.jpg,1,1,0.879,0.121,0.879
fake_images/5ad36575691749b4916c228597d46f9d.jpg,1,0,0.6729,0.6729,0.3271
fake_images/5af057e622134b00854c1b367d6b1d17.jpg,1,1,0.8626,0.1374,0.8626
fake_images/5a94adc7195242e38373ad87b91b60fb.jpg,1,0,0.5422,0.5422,0.4578
fake_images/4a81136c42394833989c4f3b7fbc3c1b.jpg,1,0,0.8631,0.8631,0.1369
fake_images/seed10063_face1.png,1,0,0.8945,0.8945,0.1055
fake_images/2246211_1966-03-11_2008_face1.png,1,0,0.9585,0.9585,0.0415
fake_images/11047111_1940-11-17_2002_face1.png,1,0,0.8514,0.8514,0.1486
fake_images/seed10019_face1.png,1,0,0.9324,0.9324,0.0676
fake_images/6109311_1908-06-29_1947_face1.png,1,0,0.5527,0.5527,0.4473
fake_images/3d12266c83a84cbda8ee50fa08b3613a.jpg,1,1,0.8345,0.1655,0.8345
fake_images/1404211_1949-11-20_2009_face1.png,1,0,0.7717,0.7717,0.2283
fake_images/4ca553965e61454d91d46f83cf8e5521.jpg,1,0,0.6736,0.6736,0.3264
fake_images/13386311_1993-09-10_2007_face1.png,1,0,0.9275,0.9275,0.0725
fake_images/2614711_1939-10-08_1960_face1.png,1,0,0.9612,0.9612,0.0388
fake_images/5abb41d140a646469fa26e4db91e9f29.jpg,1,0,0.8321,0.8321,0.1679
fake_images/9374311_1986-05-23_2013_face1.png,1,0,0.9126,0.9126,0.0874
fake_images/8248211_1962-03-01_2007_face1.png,1,0,0.9363,0.9363,0.0637
fake_images/5d622fc01119464cb95a1091a07b9b35.jpg,1,1,0.7253,0.2747,0.7253
fake_images/313511_1947-08-27_1977_face1.png,1,0,0.909,0.909,0.091
fake_images/5dc4fbacf846422bbe1ebcbb0ff19150.jpg,1,1,0.7768,0.2232,0.7768
fake_images/5bac16f396134c5c81bbd3e6ea398c70.jpg,1,1,0.9784,0.0216,0.9784
fake_images/5ad2971f1d7b424daff2c952e173ed8c.jpg,1,0,0.8123,0.8123,0.1877
fake_images/seed10068_face1.png,1,0,0.9415,0.9415,0.0585
fake_images/2843911_1988-03-25_2012_face1.png,1,0,0.8794,0.8794,0.1206
fake_images/seed10033_face1.png,1,0,0.9753,0.9753,0.0247
fake_images/3230611_1979-10-09_2013_face2.png,1,0,0.9217,0.9217,0.0783
fake_images/04dd1a28830f49da888a832fc2dcd51c.jpg,1,1,0.8985,0.1015,0.8985
fake_images/3660711_1983-07-16_2014_face1.png,1,0,0.9317,0.9317,0.0683
fake_images/seed10080_face1.png,1,0,0.9726,0.9726,0.0274
fake_images/11535911_1936-07-16_1964_face1.png,1,0,0.9868,0.9868,0.0132
fake_images/seed10094_face1.png,1,0,0.893,0.893,0.107
fake_images/5d295956cd904e56a4b171a3480f6780.jpg,1,1,0.615,0.385,0.615
fake_images/3ffd08155c1c41cdb5d6fd96f4c3ae33.jpg,1,0,0.5226,0.5226,0.4774
fake_images/5a9b31c771644417a3adba8b39f455ea.jpg,1,0,0.5183,0.5183,0.4817
fake_images/seed10027_face1.png,1,0,0.9497,0.9497,0.0503
fake_images/891911_1914-08-19_1960_face1.png,1,0,0.7746,0.7746,0.2254
fake_images/4e66f7c663dc42baaf3bdae6e80a1a39.jpg,1,1,0.9183,0.0817,0.9183
fake_images/3fbd64bc2b3c4a87adf1abf7c739eecf.jpg,1,0,0.7599,0.7599,0.2401
fake_images/1384911_1984-08-22_2012_face1.png,1,0,0.7603,0.7603,0.2397
fake_images/1602411_1947-11-07_2012_face1.png,1,0,0.9,0.9,0.1
fake_images/4f31719dbb6c42b7a3adb2474e586d03.jpg,1,0,0.9398,0.9398,0.0602
fake_images/3df9c1772ce94f59b94045001ed67199.jpg,1,1,0.5699,0.4301,0.5699
fake_images/9512711_1951-07-20_1984_face1.png,1,0,0.9388,0.9388,0.0612
fake_images/3edeb305ac1b416da66abb7bf437200b.jpg,1,1,0.9427,0.0573,0.9427
fake_images/5d33e82ce4a84684ba0146332708a3b2.jpg,1,0,0.7947,0.7947,0.2053
fake_images/4d48870713294e2a86b4c705060ca421.jpg,1,0,0.5885,0.5885,0.4115
fake_images/seed10065_face1.png,1,0,0.982,0.982,0.018
fake_images/1157811_1978-01-19_2007_face1.png,1,0,0.8577,0.8577,0.1423
fake_images/3d6a0a5b15e540a28fcb94b0fa1eecf0.jpg,1,1,0.9734,0.0266,0.9734
fake_images/3e9c85a8a2394bb9bc079678793d9c6a.jpg,1,1,0.9824,0.0176,0.9824
fake_images/675411_1978-01-09_2008_face1.png,1,0,0.9837,0.9837,0.0163
fake_images/3f2ca050c9ec4deca8ade7f0ff8d4126.jpg,1,1,0.6748,0.3252,0.6748
fake_images/5c1807b15a8e412db5fec873bcecd69c.jpg,1,1,0.8387,0.1613,0.8387
fake_images/3230611_1979-10-09_2013_face1.png,1,0,0.9756,0.9756,0.0244
fake_images/10145311_1932-09-16_2014_face1.png,1,0,0.9048,0.9048,0.0952
fake_images/seed10044_face1.png,1,0,0.8522,0.8522,0.1478
fake_images/4a066f0197744943bcededab1574135f.jpg,1,1,0.9741,0.0259,0.9741
fake_images/seed10102_face1.png,1,0,0.8741,0.8741,0.1259
fake_images/3f463b9c754d4ea3a0904820092ac510.jpg,1,0,0.8294,0.8294,0.1706
fake_images/seed10094_face2.png,1,0,0.8981,0.8981,0.1019
fake_images/4fa0a011af9147f38000aa5536578382.jpg,1,1,0.8365,0.1635,0.8365
fake_images/5cf19e4be96f468c9ca02055edb6bd5c.jpg,1,0,0.5692,0.5692,0.4308
fake_images/seed10116_face1.png,1,0,0.943,0.943,0.057
fake_images/1404211_1949-11-20_2009_face3.png,1,0,0.8952,0.8952,0.1048
fake_images/2619911_1911-06-26_1970_face1.png,1,0,0.9579,0.9579,0.0421
fake_images/3547711_1949-01-13_2009_face1.png,1,0,0.9569,0.9569,0.0431
fake_images/4f894821653f432a999afab60d971f73.jpg,1,0,0.9806,0.9806,0.0194
fake_images/4e53afb4ffbb4f58a231ab7087781675.jpg,1,1,0.7142,0.2858,0.7142
fake_images/4d8520557e8c4f048e3eb95273b1c49d.jpg,1,0,0.7967,0.7967,0.2033
fake_images/3726311_1982-02-25_2013_face1.png,1,0,0.6666,0.6666,0.3334
fake_images/seed10020_face1.png,1,0,0.9115,0.9115,0.0885
fake_images/3f4b18c7cdf54988b45d54c58c0161a5.jpg,1,0,0.8912,0.8912,0.1088
fake_images/seed10093_face1.png,1,0,0.9656,0.9656,0.0344
fake_images/4c6307dbed8549d8bd08ab03116337b8.jpg,1,0,0.8849,0.8849,0.1151
fake_images/3cdd9259568d4c1e961e7948faca9a05.jpg,1,1,0.5055,0.4945,0.5055
fake_images/seed10108_face1.png,1,0,0.9441,0.9441,0.0559
fake_images/seed10087_face1.png,1,0,0.934,0.934,0.066
fake_images/4d0756acb77a42188522936fff88d710.jpg,1,1,0.5135,0.4865,0.5135
fake_images/seed10034_face1.png,1,0,0.9622,0.9622,0.0378
fake_images/4a7df6babec241e9b5cdb9a753e54005.jpg,1,0,0.9044,0.9044,0.0956
fake_images/7418911_1976-05-07_2008_face1.png,1,0,0.9772,0.9772,0.0228
fake_images/2676011_1926-08-01_1950_face2.png,1,0,0.975,0.975,0.025
fake_images/5dd3be353e4c4067aee4e50a11b50a5f.jpg,1,1,0.7618,0.2382,0.7618
fake_images/seed10015_face1.png,1,0,0.897,0.897,0.103
fake_images/03e4b797ddfe4c568444eb7b012d9e27.jpg,1,0,0.9819,0.9819,0.0181
fake_images/seed10001_face1.png,1,0,0.9503,0.9503,0.0497
fake_images/6040211_1986-09-09_2014_face1.png,1,0,0.9708,0.9708,0.0292
fake_images/3ce6f71bd44c4853bb32cb36facddf09.jpg,1,0,0.8825,0.8825,0.1175
fake_images/3eef3a33362d44ebb9c34e0c70a8ff5a.jpg,1,1,0.6007,0.3993,0.6007
fake_images/13428111_1966-12-08_2009_face1.png,1,0,0.8792,0.8792,0.1208
fake_images/3f83b8b7f05c4d3e8b67ff75b810a215.jpg,1,0,0.9382,0.9382,0.0618
fake_images/4a5ea0bb8111410aa1392963caf231e6.jpg,1,1,0.6335,0.3665,0.6335
fake_images/seed10111_face1.png,1,0,0.844,0.844,0.156
fake_images/4a7e059e867043d492c2922d73cd4dce.jpg,1,0,0.7583,0.7583,0.2417
fake_images/seed10057_face1.png,1,0,0.9849,0.9849,0.0151
fake_images/2145711_1966-05-15_2013_face1.png,1,0,0.6401,0.6401,0.3599
fake_images/4ad8596098844047a2a892f62e5717dd.jpg,1,1,0.7764,0.2236,0.7764
fake_images/seed10105_face1.png,1,0,0.9586,0.9586,0.0414
fake_images/seed10039_face1.png,1,0,0.9483,0.9483,0.0517
fake_images/5c313c996d544a13b93e7b1f73ffcecd.jpg,1,0,0.6649,0.6649,0.3351
fake_images/9042411_1956-06-10_2010_face1.png,1,0,0.8239,0.8239,0.1761
fake_images/2676011_1926-08-01_1950_face1.png,1,0,0.9616,0.9616,0.0384
fake_images/5b00424fdc464cd5b77c60413255bfa4.jpg,1,1,0.7463,0.2537,0.7463
fake_images/976911_1946-03-12_2007_face1.png,1,0,0.9723,0.9723,0.0277
fake_images/1066611_1963-11-13_2007_face1.png,1,0,0.8384,0.8384,0.1616
fake_images/5b2d1def1c5848bf933f9b3345c2934d.jpg,1,0,0.8637,0.8637,0.1363
fake_images/5794011_1969-04-10_2013_face1.png,1,0,0.8815,0.8815,0.1185
fake_images/seed10013_face1.png,1,0,0.8081,0.8081,0.1919
fake_images/seed10069_face1.png,1,0,0.9396,0.9396,0.0604
fake_images/5d807714fb644d469fd06ad80dbc8c27.jpg,1,0,0.5166,0.5166,0.4834
fake_images/03f7334b5e6e465988a61a2362f0686d.jpg,1,1,0.6976,0.3024,0.6976
fake_images/5c4d11d272ee4db894c1c0bdb17d70e6.jpg,1,0,0.7462,0.7462,0.2538
fake_images/5b60f71fe0fc4899b39655e140bac41f.jpg,1,0,0.7856,0.7856,0.2144
fake_images/5e4b2f50ffc14776a3d0a12ccf3209ff.jpg,1,0,0.9731,0.9731,0.0269
fake_images/seed10095_face1.png,1,0,0.9823,0.9823,0.0177
fake_images/1853511_1981-12-14_2006_face1.png,1,0,0.6783,0.6783,0.3217
fake_images/619011_1947-04-22_1982_face1.png,1,0,0.9083,0.9083,0.0917
fake_images/3e5a5145d3d049ff9db9b6f0965f7a08.jpg,1,1,0.6602,0.3398,0.6602
fake_images/5d2523b88ce947f1977091a2cbdfe0bc.jpg,1,1,0.5364,0.4636,0.5364
fake_images/seed10026_face1.png,1,0,0.7552,0.7552,0.2448
fake_images/6120411_1978-02-05_2004_face1.png,1,0,0.9278,0.9278,0.0722
fake_images/5eb2c1c2de7c4894b98c76572b1bd168.jpg,1,0,0.5177,0.5177,0.4823
fake_images/5ecaf7f383e74897b1d5c7656b55de65.jpg,1,0,0.6488,0.6488,0.3512
fake_images/3dd311d08f264502ad1ca6031ac9abdd.jpg,1,1,0.6301,0.3699,0.6301
fake_images/seed10081_face1.png,1,0,0.9704,0.9704,0.0296
fake_images/seed10048_face1.png,1,0,0.9583,0.9583,0.0417
fake_images/4e3e4a711acd4f548e479f5aa4109a3a.jpg,1,0,0.7939,0.7939,0.2061
fake_images/13028811_1945-04-05_1968_face1.png,1,0,0.923,0.923,0.077
fake_images/1641511_1936-09-17_2006_face1.png,1,0,0.9826,0.9826,0.0174
fake_images/429911_1929-08-08_1964_face1.png,1,0,0.9875,0.9875,0.0125
fake_images/5bb4a492cffe4d87884a5bcd1ee5c90c.jpg,1,1,0.7553,0.2447,0.7553
fake_images/4b2962944a794f63a06706bedfe09e27.jpg,1,0,0.9316,0.9316,0.0684
fake_images/04ec5a33a47347c2983c9cffa304c1ac.jpg,1,0,0.9274,0.9274,0.0726
fake_images/04e86485303f43318cee13a6b949efe2.jpg,1,1,0.8828,0.1172,0.8828
fake_images/5c30ab9ee1a34b5889c55619fc713338.jpg,1,1,0.8548,0.1452,0.8548
fake_images/3cb079c3c4534e36953833dc4e273ede.jpg,1,0,0.7153,0.7153,0.2847
fake_images/seed10095_face2.png,1,0,0.9773,0.9773,0.0227
fake_images/7228511_1938-05-05_1962_face1.png,1,0,0.9274,0.9274,0.0726
fake_images/seed10051_face1.png,1,0,0.9743,0.9743,0.0257
fake_images/seed10098_face1.png,1,0,0.7182,0.7182,0.2818
fake_images/3748111_1955-02-01_2013_face1.png,1,0,0.9872,0.9872,0.0128
fake_images/2951711_1968-03-17_2007_face1.png,1,0,0.912,0.912,0.088
fake_images/3f01daa025fb414e8cf4c45b74ed6755.jpg,1,0,0.8385,0.8385,0.1615
fake_images/3d7baf0988ee43568df9065ccab40cd7.jpg,1,0,0.6384,0.6384,0.3616
fake_images/seed10103_face1.png,1,0,0.9537,0.9537,0.0463
fake_images/seed10045_face1.png,1,0,0.8604,0.8604,0.1396
